;;;;;;
;Punto d'inizio;;;Punto di fine;;
road_lcd;pnt_lcd_ini;lat_ini;lon_ini;pnt_lcd_fin;lat_fin;lon_fin
126;1110;45,42805;9,24686;1112;45,40683;9,2613
126;1112;45,40683;9,2613;1113;45,39233;9,26096
126;1113;45,39233;9,26096;1114;45,38431;9,26888
126;1114;45,38431;9,26888;1115;45,35501;9,30308
134;1282;45,11939;7,7115;1283;45,13221;7,72925
134;1283;45,13221;7,72925;13984;45,13512;7,7352
134;13984;45,13512;7,7352;1284;45,1464;7,75782
134;1284;45,1464;7,75782;14384;45,17145;7,80841
134;14384;45,17145;7,80841;1285;45,18101;7,82755
134;1285;45,18101;7,82755;1286;45,19188;7,84942
134;1286;45,19188;7,84942;1287;45,20915;7,88891
134;1287;45,20915;7,88891;1288;45,22212;7,91993
134;1288;45,22212;7,91993;1289;45,23683;7,95668
134;1289;45,23683;7,95668;1290;45,23854;7,96189
134;1290;45,23854;7,96189;14127;45,24181;7,97206
134;14127;45,24181;7,97206;13985;45,28695;8,0355
134;13985;45,28695;8,0355;1292;45,32462;8,07641
134;1307;45,50882;9,02908;1310;45,51242;9,06202
134;1310;45,51242;9,06202;14266;45,51309;9,07054
134;14266;45,51309;9,07054;14225;45,51399;9,08541
134;14225;45,51399;9,08541;14226;45,51478;9,09997
134;14226;45,51478;9,09997;1313;45,5157;9,12078
134;1313;45,5157;9,12078;14267;45,5187;9,12673
134;14267;45,5187;9,12673;1314;45,5367;9,16393
134;1314;45,5367;9,16393;1315;45,54843;9,20831
134;1315;45,54843;9,20831;1316;45,55261;9,24551
134;1316;45,55261;9,24551;1318;45,55606;9,26844
134;1318;45,55606;9,26844;1319;45,55738;9,27767
134;1319;45,55738;9,27767;1320;45,56699;9,34192
140;1397;45,13223;7,72928;14007;45,14245;7,73208
140;14007;45,14245;7,73208;14024;45,14607;7,73597
140;14024;45,14607;7,73597;1399;45,19624;7,79239
140;1399;45,19624;7,79239;1400;45,31664;7,82074
140;1400;45,31664;7,82074;1401;45,38784;7,84719
140;1401;45,38784;7,84719;13488;45,40773;7,84759
140;13488;45,40773;7,84759;1402;45,42553;7,84686
140;1402;45,42553;7,84686;1403;45,44422;7,84963
141;1416;44,97111;7,70241;1417;44,87366;7,74726
141;1417;44,87366;7,74726;1419;44,85201;7,74882
141;1419;44,85201;7,74882;1420;44,70418;7,76327
142;1439;45,4373;9,17094;1440;45,41814;9,15506
142;1440;45,41814;9,15506;1441;45,40758;9,14815
142;1441;45,40758;9,14815;1442;45,39534;9,14136
142;1442;45,39534;9,14136;1443;45,38949;9,13852
142;1443;45,38949;9,13852;1444;45,33971;9,09857
143;1468;45,51563;9,12094;44483;45,52029;9,11184
143;44483;45,52029;9,11184;14004;45,52964;9,09466
143;14004;45,52964;9,09466;1470;45,54977;9,05713
143;1470;45,54977;9,05713;1471;45,55222;9,05273
143;1471;45,55222;9,05273;1472;45,55913;9,03979
163;1806;44,95974;7,78709;1807;44,95379;7,91617
163;1807;44,95379;7,91617;1808;44,95282;7,92545
163;1808;44,95282;7,92545;13987;44,94994;7,95117
163;13987;44,94994;7,95117;1809;44,90808;8,17486
174;2030;45,08165;7,50388;2032;45,09151;7,41812
174;2032;45,09151;7,41812;2033;45,09381;7,39863
174;2033;45,09381;7,39863;2034;45,09488;7,39167
174;2034;45,09488;7,39167;2035;45,12324;7,22378
177;2090;45,13395;7,71459;2091;45,13625;7,72597
177;2091;45,13625;7,72597;2092;45,13226;7,72916
177;2092;45,13226;7,72916;2093;45,12919;7,73022
178;2094;45,00844;7,67156;2095;44,9841;7,69892
178;2095;44,9841;7,69892;2096;44,97758;7,7007
178;2096;44,97758;7,7007;2098;44,9711;7,70241
180;2103;45,50669;9,06432;2104;45,51232;9,06101
182;2113;45,51234;9,06101;2112;45,51866;9,05929
189;2138;45,02857;7,60634;14176;45,02395;7,60242
189;14176;45,02395;7,60242;2139;45,02228;7,59801
189;2139;45,02228;7,59801;2140;45,01355;7,58608
189;2140;45,01355;7,58608;14177;45,01207;7,58135
189;14177;45,01207;7,58135;14213;45,00989;7,57727
189;14213;45,00989;7,57727;2141;45,00421;7,56522
189;2141;45,00421;7,56522;2142;44,98057;7,55224
189;2142;44,98057;7,55224;2143;44,97435;7,52223
189;2143;44,97435;7,52223;2144;44,95666;7,50034
189;2144;44,95666;7,50034;2145;44,94132;7,5048
189;2145;44,94132;7,5048;14178;44,91532;7,44716
189;14178;44,91532;7,44716;14179;44,89514;7,40022
189;14179;44,89514;7,40022;14180;44,89242;7,39551
204;2234;45,42506;7,85105;2235;45,41986;7,94784
204;2235;45,41986;7,94784;2236;45,40782;8,01317
204;2236;45,40782;8,01317;2237;45,37255;8,12822
223;2374;45,10505;7,69217;2375;45,1266;7,69566
223;2375;45,1266;7,69566;14017;45,14;7,69174
223;14017;45,14;7,69174;2376;45,17;7,67933
223;2376;45,17;7,67933;2377;45,17772;7,65712
223;2377;45,17772;7,65712;2378;45,18749;7,6426
224;2379;45,40705;9,26142;2380;45,41144;9,26212
224;2380;45,41144;9,26212;14019;45,41462;9,25954
224;14019;45,41462;9,25954;2382;45,42477;9,24826
224;2382;45,42477;9,24826;2384;45,42865;9,24437
226;2388;45,42805;9,24686;2389;45,43512;9,25526
238;2592;45,52131;9,26081;2593;45,53056;9,26126
238;2593;45,53056;9,26126;2594;45,54689;9,25999
238;2594;45,54689;9,25999;2595;45,55081;9,2629
238;2595;45,55081;9,2629;2596;45,55573;9,26602
238;2596;45,55573;9,26602;2597;45,55721;9,2628
238;2597;45,55721;9,2628;2598;45,55986;9,25528
238;2598;45,55986;9,25528;2599;45,56053;9,24861
238;2599;45,56053;9,24861;2600;45,56029;9,24165
238;2600;45,56029;9,24165;2601;45,56921;9,22712
238;2601;45,56921;9,22712;2602;45,57665;9,20804
238;2602;45,57665;9,20804;14020;45,5664;9,19336
238;14020;45,5664;9,19336;2603;45,56255;9,18074
239;2604;45,54978;9,05712;2605;45,54122;9,05893
239;2605;45,54122;9,05893;2606;45,53741;9,05852
239;2606;45,53741;9,05852;2607;45,52448;9,06058
239;2607;45,52448;9,06058;14021;45,52061;9,05919
239;14021;45,52061;9,05919;2608;45,51239;9,06185
239;2608;45,51239;9,06185;14193;45,50647;9,06397
239;14193;45,50647;9,06397;2609;45,49803;9,06678
239;2609;45,49803;9,06678;2610;45,48859;9,06697
239;2610;45,48859;9,06697;2611;45,45736;9,07749
239;2611;45,45736;9,07749;2612;45,44566;9,07435
239;2612;45,44566;9,07435;2613;45,42807;9,07661
239;2613;45,42807;9,07661;2614;45,41947;9,08246
239;2614;45,41947;9,08246;2615;45,40124;9,12284
239;2615;45,40124;9,12284;2616;45,39535;9,14137
239;2616;45,39535;9,14137;2617;45,39114;9,15333
239;2617;45,39114;9,15333;42228;45,38884;9,18092
239;42228;45,38884;9,18092;2618;45,39085;9,18981
239;2618;45,39085;9,18981;2619;45,39035;9,21215
239;2619;45,39035;9,21215;44460;45,38302;9,25105
239;44460;45,38302;9,25105;2621;45,38211;9,26373
240;2622;45,42811;9,24684;14358;45,4308;9,25097
240;14358;45,4308;9,25097;2624;45,43537;9,25539
240;2624;45,43537;9,25539;2625;45,44601;9,25866
240;2625;45,44601;9,25866;2626;45,45069;9,25792
240;2626;45,45069;9,25792;2627;45,46193;9,25122
240;2627;45,46193;9,25122;2628;45,47482;9,25333
240;2628;45,47482;9,25333;2629;45,48709;9,25137
240;2629;45,48709;9,25137;2630;45,50548;9,25941
240;2630;45,50548;9,25941;2631;45,5127;9,2616
240;2631;45,5127;9,2616;2632;45,52131;9,26081
240;2632;45,52131;9,26081;2633;45,52983;9,26781
240;2633;45,52983;9,26781;2634;45,53699;9,28919
240;2634;45,53699;9,28919;2635;45,53748;9,29856
240;2635;45,53748;9,29856;2636;45,53825;9,30493
240;2636;45,53825;9,30493;2637;45,54669;9,32343
241;2650;45,08167;7,50387;2652;45,08237;7,50767
241;2652;45,08237;7,50767;2653;45,08407;7,51526
241;2653;45,08407;7,51526;2654;45,08415;7,52772
241;2654;45,08415;7,52772;2655;45,08232;7,54072
241;2655;45,08232;7,54072;2656;45,08074;7,54919
241;2656;45,08074;7,54919;2657;45,09854;7,57765
241;2657;45,09854;7,57765;14136;45,10139;7,58803
241;14136;45,10139;7,58803;2658;45,10524;7,60207
241;2658;45,10524;7,60207;2659;45,12019;7,63989
241;2659;45,12019;7,63989;2660;45,12664;7,66119
241;2660;45,12664;7,66119;2661;45,12793;7,67715
241;2661;45,12793;7,67715;2662;45,12885;7,68846
241;2662;45,12885;7,68846;2663;45,13056;7,69978
241;2663;45,13056;7,69978;2664;45,13328;7,70863
241;2664;45,13328;7,70863;2665;45,13474;7,71286
241;2665;45,13474;7,71286;2666;45,14245;7,73207
243;2686;44,95974;7,78709;2687;44,9597;7,78052
243;2687;44,9597;7,78052;2688;44,96621;7,73555
243;2688;44,96621;7,73555;14271;44,96759;7,72655
243;14271;44,96759;7,72655;2690;44,97106;7,70259
243;2690;44,97106;7,70259;2691;44,97262;7,66709
243;2691;44,97262;7,66709;2692;44,97523;7,65804
243;2692;44,97523;7,65804;2693;44,98189;7,64518
243;2693;44,98189;7,64518;2694;44,99342;7,62813
243;2694;44,99342;7,62813;2695;45,00821;7,61899
243;2695;45,00821;7,61899;2696;45,02228;7,59801
243;2696;45,02228;7,59801;2698;45,03898;7,56417
243;2698;45,03898;7,56417;2700;45,0658;7,54444
243;2700;45,0658;7,54444;2701;45,07159;7,54637
243;2701;45,07159;7,54637;2702;45,07807;7,54821
294;42183;45,36492;9,31966;3700;45,39227;9,28716
294;3700;45,39227;9,28716;3701;45,41032;9,26788
294;3701;45,41032;9,26788;3702;45,4235;9,25428
294;3702;45,4235;9,25428;3703;45,42768;9,24942
294;3703;45,42768;9,24942;3704;45,4306;9,24303
294;3704;45,4306;9,24303;3705;45,43983;9,22468
296;3713;45,07972;7,72932;3715;45,03713;7,78711
296;3715;45,03713;7,78711;3716;44,95387;7,91612
296;3716;44,95387;7,91612;3717;44,9426;7,93243
296;3717;44,9426;7,93243;3718;44,91674;8,03118
296;3718;44,91674;8,03118;3719;44,90316;8,09078
297;3819;45,11921;7,71155;3820;45,1243;7,7292
297;3820;45,1243;7,7292;3821;45,118;7,73469
297;3821;45,118;7,73469;3822;45,13225;7,78341
297;3822;45,13225;7,78341;3823;45,18482;7,85961
297;3823;45,18482;7,85961;3824;45,18991;7,8843
297;3824;45,18991;7,8843;3826;45,19093;7,89504
297;3826;45,19093;7,89504;3827;45,19666;7,92209
297;3827;45,19666;7,92209;3828;45,23684;7,95671
297;3828;45,23684;7,95671;3829;45,25304;7,96127
297;3829;45,25304;7,96127;3832;45,30944;8,02476
297;3832;45,30944;8,02476;3833;45,31975;8,0695
297;3858;45,48679;9,01342;3859;45,49096;9,04784
297;3859;45,49096;9,04784;3861;45,48854;9,0669
297;3861;45,48854;9,0669;3862;45,46698;9,14563
297;3862;45,46698;9,14563;3863;45,51342;9,26475
297;3863;45,51342;9,26475;3864;45,51168;9,28374
297;3864;45,51168;9,28374;3865;45,51413;9,31991
332;4784;45,00241;7,67064;4785;44,9751;7,67008
332;4785;44,9751;7,67008;4786;44,96773;7,66952
332;4786;44,96773;7,66952;4787;44,89638;7,66987
332;4787;44,89638;7,66987;4788;44,85838;7,72323
332;4788;44,85838;7,72323;4789;44,85111;7,72471
332;4789;44,85111;7,72471;4790;44,77102;7,67992
335;4841;45,03267;7,64646;4842;45,02327;7,63564
335;4842;45,02327;7,63564;4843;45,00978;7,6208
335;4843;45,00978;7,6208;4844;45,00108;7,6111
335;4844;45,00108;7,6111;4845;44,96597;7,57189
335;4845;44,96597;7,57189;4846;44,93383;7,53217
335;4846;44,93383;7,53217;4847;44,91779;7,49212
335;4847;44,91779;7,49212;4848;44,90511;7,43591
335;4848;44,90511;7,43591;4849;44,8958;7,4018
335;4849;44,8958;7,4018;4850;44,88894;7,38445
335;4850;44,88894;7,38445;4851;44,88036;7,35792
335;4851;44,88036;7,35792;4852;44,87923;7,31386
335;4852;44,87923;7,31386;4853;44,88709;7,26776
336;4868;45,09169;7,65444;4869;45,09606;7,57862
336;4869;45,09606;7,57862;4870;45,10283;7,54919
336;4870;45,10283;7,54919;4871;45,10012;7,52341
336;4871;45,10012;7,52341;4872;45,09445;7,42901
336;4872;45,09445;7,42901;4873;45,09492;7,41833
336;4873;45,09492;7,41833;4874;45,11486;7,30087
337;4888;45,07458;7,61973;4889;45,07287;7,57684
337;4889;45,07287;7,57684;4890;45,07085;7,52928
337;4890;45,07085;7,52928;4891;45,07554;7,51988
337;4891;45,07554;7,51988;4892;45,08113;7,50567
337;4892;45,08113;7,50567;4893;45,08297;7,41596
337;4893;45,08297;7,41596;4894;45,08406;7,40697
337;4894;45,08406;7,40697;4895;45,08605;7,40034
337;4895;45,08605;7,40034;4896;45,09615;7,36785
337;4896;45,09615;7,36785;4897;45,10577;7,3272
337;4897;45,10577;7,3272;4898;45,10792;7,26878
338;4906;45,1914;7,89377;4907;45,20734;7,8901
338;4907;45,20734;7,8901;4908;45,28605;7,89246
338;4908;45,28605;7,89246;4909;45,29593;7,89048
338;4909;45,29593;7,89048;4910;45,31498;7,8803
338;4910;45,31498;7,8803;4911;45,38403;7,8855
338;4911;45,38403;7,8855;4912;45,45706;7,88611
344;5017;44,99822;7,68044;5020;45,00073;7,69194
344;5020;45,00073;7,69194;5021;44,98441;7,73745
344;5021;44,98441;7,73745;5022;44,96151;7,77975
344;5022;44,96151;7,77975;5023;44,95673;7,78745
344;5023;44,95673;7,78745;5024;44,9242;7,83818
344;5024;44,9242;7,83818;5026;44,86383;7,89662
344;5026;44,86383;7,89662;5027;44,81538;7,94702
345;5054;44,92429;7,83847;5055;44,92015;7,84457
345;5055;44,92015;7,84457;5056;44,94242;7,93221
348;5082;45,19672;7,92319;5083;45,19671;7,94028
348;5083;45,19671;7,94028;5084;45,18382;7,96679
348;5084;45,18382;7,96679;5085;45,19015;8,0016
348;5085;45,19015;8,0016;5086;45,18955;8,02316
348;5086;45,18955;8,02316;5087;45,19327;8,08076
351;5105;45,50607;9,10086;44480;45,5075;9,09477
351;44480;45,5075;9,09477;5106;45,51251;9,08309
351;5106;45,51251;9,08309;5107;45,51851;9,07096
351;5107;45,51851;9,07096;5108;45,52339;9,06242
351;5108;45,52339;9,06242;5109;45,54568;8,99876
354;5206;45,36299;9,13325;5207;45,37803;9,14186
354;5207;45,37803;9,14186;5208;45,38823;9,14789
354;5208;45,38823;9,14789;5209;45,39154;9,14992
354;5209;45,39154;9,14992;42128;45,40405;9,15686
354;42128;45,40405;9,15686;42129;45,42697;9,17018
354;42129;45,42697;9,17018;42130;45,43756;9,17481
354;42130;45,43756;9,17481;42131;45,44367;9,17623
354;42131;45,44367;9,17623;42132;45,49628;9,19186
354;42132;45,49628;9,19186;5210;45,50153;9,18826
354;5210;45,50153;9,18826;5211;45,53372;9,16297
354;5211;45,53372;9,16297;5212;45,54716;9,1629
354;5212;45,54716;9,1629;5213;45,55692;9,16588
354;5213;45,55692;9,16588;5214;45,56251;9,17721
354;5214;45,56251;9,17721;42121;45,57006;9,17678
354;42121;45,57006;9,17678;42122;45,57945;9,1755
354;42122;45,57945;9,1755;42123;45,58543;9,17458
354;42123;45,58543;9,17458;5215;45,59662;9,17211
631;8922;45,50236;9,14318;8923;45,50255;9,14297
631;8923;45,50255;9,14297;8924;45,51397;9,12536
631;8924;45,51397;9,12536;8925;45,54165;9,10076
631;8925;45,54165;9,10076;8926;45,56497;9,07703
631;8926;45,56497;9,07703;8927;45,59102;9,05074
811;10763;44,99821;7,68042;10764;44,99182;7,69842
811;10764;44,99182;7,69842;10765;44,98035;7,70353
811;10765;44,98035;7,70353;10766;44,92362;7,73478
811;10766;44,92362;7,73478;10767;44,91615;7,74245
811;10767;44,91615;7,74245;10768;44,85842;7,72341
833;10906;45,39036;9,21218;42161;45,3845;9,2153
833;42161;45,3845;9,2153;10908;45,36068;9,23144
836;10956;45,43527;9,25556;13914;45,42529;9,27398
836;13914;45,42529;9,27398;13915;45,42342;9,2894
836;13915;45,42342;9,2894;13916;45,42796;9,32105
885;11411;45,16863;7,95728;11413;45,15786;7,95202
885;11413;45,15786;7,95202;11414;45,13089;7,94219
885;11414;45,13089;7,94219;11415;45,10142;7,98357
885;11415;45,10142;7,98357;11416;45,0889;7,98875
885;11416;45,0889;7,98875;11417;45,0714;8,03338
885;11417;45,0714;8,03338;11418;45,04437;8,04103
885;11418;45,04437;8,04103;11419;45,00347;8,10189
887;11431;45,17274;7,68086;11432;45,23735;7,74573
887;11432;45,23735;7,74573;11433;45,26558;7,74332
887;11433;45,26558;7,74332;11434;45,29756;7,74649
887;11434;45,29756;7,74649;11435;45,33203;7,72316
887;11435;45,33203;7,72316;11436;45,35443;7,69852
887;11436;45,35443;7,69852;11437;45,3851;7,66038
887;11437;45,3851;7,66038;11438;45,39124;7,65023
887;11438;45,39124;7,65023;11439;45,40278;7,63914
887;11439;45,40278;7,63914;11440;45,4178;7,59857
887;11440;45,4178;7,59857;11441;45,41155;7,54597
887;11441;45,41155;7,54597;11442;45,40741;7,52112
887;11442;45,40741;7,52112;11443;45,41705;7,45716
887;11443;45,41705;7,45716;11444;45,42253;7,44346
887;11444;45,42253;7,44346;11445;45,43374;7,41364
923;11774;45,45167;9,14169;11775;45,42819;9,07682
923;11775;45,42819;9,07682;11776;45,40631;9,02372
990;12294;45,4431;7,84099;12295;45,42426;7,7972
990;12295;45,42426;7,7972;12296;45,42431;7,78392
990;12296;45,42431;7,78392;12297;45,38624;7,73757
990;12297;45,38624;7,73757;12298;45,36519;7,7245
990;12298;45,36519;7,7245;12299;45,35479;7,69953
1016;12461;45,07626;7,40111;12462;45,03561;7,41985
1016;12462;45,03561;7,41985;12463;45,02184;7,46395
1016;12463;45,02184;7,46395;12464;44,99231;7,46792
1016;12464;44,99231;7,46792;12465;44,90269;7,35883
1016;12465;44,90269;7,35883;12466;44,88801;7,35318
1016;12466;44,88801;7,35318;12467;44,87115;7,3345
1016;12467;44,87115;7,3345;12468;44,85234;7,33763
1016;12468;44,85234;7,33763;12469;44,78932;7,37554
1017;12477;45,08;7,731;12478;45,102;7,76531
1017;12478;45,102;7,76531;12479;45,1185;7,80711
1017;12479;45,1185;7,80711;12480;45,12499;7,82032
1017;12480;45,12499;7,82032;12481;45,14944;7,84789
1017;12481;45,14944;7,84789;12482;45,16882;7,85966
1017;12482;45,16882;7,85966;12484;45,16863;7,95728
1017;12484;45,16863;7,95728;12483;45,16515;7,98741
1017;12483;45,16515;7,98741;12485;45,15486;8,04973
1017;12485;45,15486;8,04973;12486;45,11537;8,06657
1020;12522;45,36521;8,08308;12523;45,34903;8,05305
1020;12523;45,34903;8,05305;12524;45,30937;8,02438
1022;12532;45,30225;7,88959;12533;45,29986;7,9359
1022;12533;45,29986;7,9359;12534;45,3097;7,97661
1022;12534;45,3097;7,97661;12535;45,30913;8,0197
1096;13064;44,85116;7,72483;13065;44,81888;7,7539
1098;13079;44,89204;7,66908;13080;44,84345;7,64182
1098;13080;44,84345;7,64182;13081;44,82621;7,62415
14045;14046;45,51914;9,07028;14047;45,51608;9,0796
14045;14047;45,51608;9,0796;14228;45,51555;9,08545
14045;14228;45,51555;9,08545;14049;45,51843;9,08746
14045;14049;45,51843;9,08746;14050;45,52283;9,0913
14045;14050;45,52283;9,0913;14051;45,52961;9,09475
14045;14051;45,52961;9,09475;14052;45,52987;9,10883
14053;14054;45,49087;9,04377;14055;45,49806;9,06678
14053;14055;45,49806;9,06678;14056;45,49784;9,07471
14053;14056;45,49784;9,07471;14057;45,50359;9,0907
14059;14060;45,51432;9,12142;14061;45,50995;9,12947
14059;14061;45,50995;9,12947;14062;45,49554;9,13022
14063;14064;45,4227;9,15936;14065;45,42905;9,16299
14063;14065;45,42905;9,16299;14066;45,43734;9,17092
14114;14115;45,40681;9,26138;14118;45,41203;9,26235
14114;14118;45,41203;9,26235;14119;45,41461;9,25955
16167;16168;45,10066;8,00028;16169;45,08929;8,00071
16167;16169;45,08929;8,00071;16170;45,06976;8,02087
16167;16170;45,06976;8,02087;16171;45,05549;8,0185
16167;16171;45,05549;8,0185;16172;45,0449;8,01621
16167;16172;45,0449;8,01621;16173;45,03751;8,01598
16167;16173;45,03751;8,01598;16174;44,99838;8,02121
16167;16174;44,99838;8,02121;16175;44,99312;8,02032
16167;16175;44,99312;8,02032;16176;44,98741;8,01739
16167;16176;44,98741;8,01739;16177;44,94991;8,02003
16167;16177;44,94991;8,02003;16178;44,93897;8,02286
16167;16178;44,93897;8,02286;16179;44,93307;8,02608
16167;16179;44,93307;8,02608;16180;44,92106;8,03704
16167;16180;44,92106;8,03704;16181;44,91616;8,03223
16167;16181;44,91616;8,03223;16182;44,91374;8,02993
16167;16182;44,91374;8,02993;16183;44,90639;8,02498
16167;16183;44,90639;8,02498;16184;44,8966;8,01126
16167;16184;44,8966;8,01126;16185;44,88817;8,00478
16167;16185;44,88817;8,00478;16186;44,87612;8,00823
16167;16186;44,87612;8,00823;16187;44,82536;8,00486
16218;16219;45,09524;7,95308;16220;45,06993;7,9414
16218;16220;45,06993;7,9414;16221;45,04409;7,96045
16218;16221;45,04409;7,96045;16222;45,02898;7,96736
16218;16222;45,02898;7,96736;16223;45,02133;7,95037
16218;16223;45,02133;7,95037;16224;44,98977;7,95938
16218;16224;44,98977;7,95938;16225;44,96512;7,96304
16218;16225;44,96512;7,96304;16226;44,94982;7,96889
16218;16226;44,94982;7,96889;16227;44,92259;7,97382
16218;16227;44,92259;7,97382;16228;44,91106;7,97248
16218;16228;44,91106;7,97248;16229;44,90406;7,96844
16218;16229;44,90406;7,96844;16230;44,89935;7,96456
16218;16230;44,89935;7,96456;16231;44,86942;7,94388
16232;16234;45,06714;8,06732;16235;45,07778;8,0508
16232;16235;45,07778;8,0508;16236;45,08729;8,03646
16232;16236;45,08729;8,03646;16237;45,09278;8,03043
16232;16237;45,09278;8,03043;16238;45,11612;8,0037
16232;16238;45,11612;8,0037;16239;45,12763;7,99883
16240;16241;44,93933;7,94354;16242;44,91705;7,95836
16240;16242;44,91705;7,95836;16243;44,904;7,96847
16240;16243;44,904;7,96847;16244;44,87812;7,99449
16240;16244;44,87812;7,99449;16245;44,87616;8,00847
16240;16245;44,87616;8,00847;16246;44,85532;8,06343
16251;16259;44,98075;8,0588;16260;44,98947;8,02456
16251;16260;44,98947;8,02456;16261;44,98718;8,01734
16251;16261;44,98718;8,01734;16262;44,98646;8,00813
16251;16262;44,98646;8,00813;16263;44,96492;7,96315
16251;16263;44,96492;7,96315;16264;44,9657;7,95264
16251;16264;44,9657;7,95264;16265;44,962;7,94891
16251;16265;44,962;7,94891;16266;44,94251;7,93774
16340;16341;45,02133;7,95038;16342;45,0393;7,93802
16340;16342;45,0393;7,93802;16343;45,0651;7,93309
16340;16343;45,0651;7,93309;16344;45,07537;7,9305
16345;16346;45,09524;7,95308;16347;45,07901;7,9684
16345;16347;45,07901;7,9684;16348;45,07072;7,97199
16345;16348;45,07072;7,97199;16349;45,04156;7,96325
16345;16349;45,04156;7,96325;16350;45,02909;7,96743
16345;16350;45,02909;7,96743;16351;45,02092;7,97454
16345;16351;45,02092;7,97454;16352;45,0031;8,00633
16345;16352;45,0031;8,00633;16353;44,99312;8,02032
16345;16353;44,99312;8,02032;16354;44,99662;8,03042
16345;16354;44,99662;8,03042;16355;44,99877;8,05239
16345;16355;44,99877;8,05239;16356;44,99822;8,05985
16357;16358;45,04373;8,04365;16359;45,05381;8,04938
16357;16359;45,05381;8,04938;16360;45,05525;8,06361
16498;16499;45,04303;8,04097;16500;45,0375;8,01598
16498;16500;45,0375;8,01598;16501;45,03783;7,99457
16498;16501;45,03783;7,99457;16502;45,0399;7,96578
26441;26442;45,48769;9,25851;26443;45,49764;9,30003
26441;26443;45,49764;9,30003;26444;45,49777;9,33026
26457;26463;45,56939;9,01879;26464;45,5741;9,06764
26465;26471;45,44312;9,02889;26472;45,45268;9,04976
26493;26494;45,56129;9,02835;26495;45,56296;9,07892
26493;26495;45,56296;9,07892;26496;45,5662;9,0856
26493;26496;45,5662;9,0856;26497;45,57539;9,11774
26493;26497;45,57539;9,11774;26498;45,58029;9,14558
26493;26498;45,58029;9,14558;26499;45,5851;9,17304
26493;26499;45,5851;9,17304;26500;45,5889;9,19682
26508;26509;45,52569;9,28175;26510;45,52627;9,31109
26508;26510;45,52627;9,31109;26511;45,52486;9,35016
26535;26536;45,58401;9,28164;26537;45,58101;9,30981
26535;26537;45,58101;9,30981;26538;45,57963;9,32427
26546;26547;45,55355;9,08881;26548;45,56614;9,0856
26546;26548;45,56614;9,0856;26549;45,58156;9,07677
26546;26549;45,58156;9,07677;26550;45,61807;9,08084
26574;26575;45,41717;9,07025;26576;45,36497;9,13428
26577;26578;45,47252;9,27257;26579;45,47375;9,28571
26577;26579;45,47375;9,28571;26580;45,47669;9,29527
26577;26580;45,47669;9,29527;26581;45,47758;9,30415
26577;26581;45,47758;9,30415;26582;45,48006;9,33371
26605;26606;45,42663;9,30913;26607;45,39683;9,32581
26610;26611;45,46177;9,27205;26612;45,47373;9,28567
26610;26612;45,47373;9,28567;26613;45,47659;9,29523
26610;26613;45,47659;9,29523;26614;45,43876;9,28831
26610;26614;45,43876;9,28831;26615;45,4335;9,32442
26618;26619;45,51344;9,30026;26620;45,49764;9,30005
26618;26620;45,49764;9,30005;26621;45,47757;9,30415
26618;26621;45,47757;9,30415;26622;45,46125;9,30325
26618;26622;45,46125;9,30325;26623;45,43355;9,32436
26641;26642;45,36546;9,20874;26643;45,36028;9,22952
26641;26643;45,36028;9,22952;26644;45,38384;9,27479
26641;26644;45,38384;9,27479;26645;45,39156;9,28715
26753;26754;45,53927;9,28688;26755;45,54666;9,29247
26753;26755;45,54666;9,29247;26756;45,57974;9,32424
26817;26818;45,53406;9,16114;26819;45,55859;9,15257
26817;26819;45,55859;9,15257;26820;45,58028;9,14556
26817;26820;45,58028;9,14556;26821;45,60621;9,14074
26832;26833;45,55481;9,25062;26834;45,56106;9,25665
26832;26834;45,56106;9,25665;26835;45,58034;9,27331
26832;26835;45,58034;9,27331;26836;45,58748;9,28417
26856;26857;45,49766;9,18677;26858;45,53251;9,19317
26856;26858;45,53251;9,19317;26859;45,56786;9,18988
26856;26859;45,56786;9,18988;26860;45,58347;9,19494
26856;26860;45,58347;9,19494;26861;45,58882;9,1968
26871;26872;45,52949;9,21405;26873;45,53318;9,21576
26871;26873;45,53318;9,21576;42150;45,54359;9,22156
26871;42150;45,54359;9,22156;42151;45,54709;9,2299
26871;42151;45,54709;9,2299;26874;45,55521;9,23971
26871;26874;45,55521;9,23971;26875;45,56102;9,24201
26871;26875;45,56102;9,24201;42152;45,57098;9,24703
26871;42152;45,57098;9,24703;26876;45,58212;9,25039
26871;26876;45,58212;9,25039;26877;45,59061;9,25374
26879;26880;45,52961;9,11014;26881;45,55852;9,1526
26879;26881;45,55852;9,1526;26882;45,55698;9,16564
35474;35475;45,13346;7,63268;35476;45,13841;7,62777
35474;35476;45,13841;7,62777;35477;45,15471;7,61528
35474;35477;45,15471;7,61528;35478;45,1704;7,59079
35474;35478;45,1704;7,59079;35479;45,1949;7,56181
35474;35479;45,1949;7,56181;35480;45,2059;7,55145
35474;35480;45,2059;7,55145;35481;45,22691;7,52958
35474;35481;45,22691;7,52958;35482;45,24334;7,51612
35474;35482;45,24334;7,51612;35483;45,25781;7,50507
35474;35483;45,25781;7,50507;35484;45,2678;7,48647
35474;35484;45,2678;7,48647;35485;45,26085;7,46064
35474;35485;45,26085;7,46064;35486;45,3045;7,39719
35474;35486;45,3045;7,39719;35487;45,3132;7,38905
35474;35487;45,3132;7,38905;35488;45,32231;7,35347
35474;35488;45,32231;7,35347;35489;45,31431;7,311
35474;35489;45,31431;7,311;35490;45,31545;7,29688
35496;35497;45,17822;7,6498;35498;45,18065;7,65674
35496;35498;45,18065;7,65674;35499;45,18222;7,68965
35496;35499;45,18222;7,68965;35500;45,17953;7,71493
35501;35502;45,17369;7,6514;35503;45,16163;7,7108
35501;35503;45,16163;7,7108;35504;45,15519;7,72679
35501;35504;45,15519;7,72679;35505;45,14763;7,73767
35501;35505;45,14763;7,73767;35506;45,14366;7,74977
35507;35508;44,96544;7,84148;35509;44,98477;7,87042
35507;35509;44,98477;7,87042;35510;45,03858;7,9382
35507;35510;45,03858;7,9382;35511;45,02273;7,94935
35512;35513;44,98819;7,87377;35514;45,01891;7,89908
35512;35514;45,01891;7,89908;35515;45,0378;7,90192
35516;35517;44,90593;7,67814;35518;44,92398;7,73848
35516;35518;44,92398;7,73848;35519;44,94039;7,77863
35516;35519;44,94039;7,77863;35520;44,95668;7,78747
35516;35520;44,95668;7,78747;35521;44,96588;7,79901
35516;35521;44,96588;7,79901;35522;44,99725;7,8158
35516;35522;44,99725;7,8158;35523;45,02654;7,85031
35516;35523;45,02654;7,85031;35524;45,06536;7,84188
35516;35524;45,06536;7,84188;35525;45,10301;7,84254
35516;35525;45,10301;7,84254;35526;45,10782;7,81647
35516;35526;45,10782;7,81647;35527;45,12172;7,81547
35528;35529;45,03837;7,73554;35530;45,01807;7,75276
35528;35530;45,01807;7,75276;35531;45,01397;7,77879
35528;35531;45,01397;7,77879;35532;45,00848;7,81194
35533;35534;44,92829;7,83562;35535;44,96524;7,84122
35533;35535;44,96524;7,84122;35536;45,00002;7,84744
35533;35536;45,00002;7,84744;35537;45,0264;7,85022
35538;35539;44,87998;7,35974;35540;44,87414;7,40269
35538;35540;44,87414;7,40269;35541;44,86879;7,41453
35538;35541;44,86879;7,41453;35542;44,85423;7,45048
35538;35542;44,85423;7,45048;35543;44,84451;7,48102
35538;35543;44,84451;7,48102;35544;44,84273;7,49105
35538;35544;44,84273;7,49105;35545;44,84047;7,50344
35538;35545;44,84047;7,50344;35546;44,83308;7,59012
35538;35547;44,82817;7,62305;35548;44,84451;7,69067
35538;35548;44,84451;7,69067;35549;44,84678;7,72491
35538;35549;44,84678;7,72491;35550;44,85184;7,74864
35538;35550;44,85184;7,74864;35551;44,85418;7,77167
35538;35551;44,85418;7,77167;35552;44,87337;7,79087
35538;35552;44,87337;7,79087;35553;44,92224;7,83783
35554;35555;45,18992;7,63948;35556;45,21951;7,6355
35554;35556;45,21951;7,6355;35557;45,22799;7,64591
35554;35557;45,22799;7,64591;35558;45,24586;7,65609
35554;35558;45,24586;7,65609;35559;45,25301;7,65621
35554;35559;45,25301;7,65621;35560;45,28047;7,66369
35554;35560;45,28047;7,66369;35561;45,30541;7,66265
35554;35561;45,30541;7,66265;35562;45,324;7,65864
35554;35562;45,324;7,65864;35563;45,33267;7,6574
35554;35563;45,33267;7,6574;35564;45,37036;7,6578
35554;35564;45,37036;7,6578;35565;45,38508;7,66003
35566;35567;44,8541;7,77162;35568;44,8518;7,84887
35566;35568;44,8518;7,84887;35569;44,85531;7,86542
35566;35569;44,85531;7,86542;35570;44,86206;7,89607
35566;35570;44,86206;7,89607;35571;44,86024;7,90305
35566;35571;44,86024;7,90305;35572;44,85475;7,93087
35573;35574;44,89555;7,6597;35575;44,88826;7,63765
35573;35575;44,88826;7,63765;35576;44,87705;7,60626
35573;35576;44,87705;7,60626;35577;44,86453;7,56877
35573;35577;44,86453;7,56877;35578;44,86651;7,49778
35573;35578;44,86651;7,49778;35579;44,87411;7,45018
35573;35579;44,87411;7,45018;35580;44,86934;7,41481
35581;35582;44,99622;7,53215;35583;44,99135;7,53107
35581;35583;44,99135;7,53107;35584;44,97441;7,52233
35581;35584;44,97441;7,52233;35585;44,9538;7,51218
35581;35585;44,9538;7,51218;35586;44,94777;7,51266
35581;35586;44,94777;7,51266;35587;44,94074;7,50762
35581;35587;44,94074;7,50762;35588;44,91749;7,49018
35581;35588;44,91749;7,49018;35589;44,89432;7,4906
35581;35589;44,89432;7,4906;35590;44,88805;7,49576
35581;35590;44,88805;7,49576;35591;44,86654;7,49781
35581;35591;44,86654;7,49781;35592;44,86081;7,51081
35581;35592;44,86081;7,51081;35593;44,84065;7,5035
35581;35593;44,84065;7,5035;35594;44,80178;7,50296
35600;35601;44,98978;7,46821;35602;44,97905;7,47404
35600;35602;44,97905;7,47404;35603;44,95667;7,50043
35600;35603;44,95667;7,50043;35604;44,95228;7,51203
35600;35604;44,95228;7,51203;35605;44,93281;7,53833
35600;35605;44,93281;7,53833;35606;44,90536;7,5597
35600;35606;44,90536;7,5597;35607;44,88894;7,56774
35600;35607;44,88894;7,56774;35608;44,86461;7,56882
35600;35608;44,86461;7,56882;35609;44,83531;7,59227
35610;35611;44,99163;7,53107;35612;44,98057;7,55239
35610;35612;44,98057;7,55239;35613;44,96542;7,57189
35610;35613;44,96542;7,57189;35614;44,95447;7,58448
35610;35614;44,95447;7,58448;35615;44,95128;7,59957
35610;35615;44,95128;7,59957;35616;44,92979;7,62154
35610;35616;44,92979;7,62154;35617;44,90773;7,6483
35610;35617;44,90773;7,6483;35618;44,89572;7,65987
35610;35618;44,89572;7,65987;35619;44,89002;7,67696
35620;35621;45,06027;7,51882;35622;45,03289;7,52574
35620;35622;45,03289;7,52574;35623;45,02895;7,52597
35620;35623;45,02895;7,52597;35624;45,01923;7,52642
35620;35624;45,01923;7,52642;35625;45,00947;7,52035
35620;35625;45,00947;7,52035;35626;45,00509;7,53676
35620;35626;45,00509;7,53676;35627;44,99914;7,55139
35620;35627;44,99914;7,55139;35628;44,99704;7,57703
35620;35628;44,99704;7,57703;35629;44,99485;7,60395
35620;35629;44,99485;7,60395;35630;44,97964;7,61314
35620;35630;44,97964;7,61314;35631;44,9713;7,61805
35620;35631;44,9713;7,61805;35632;44,95332;7,62775
35620;35632;44,95332;7,62775;35633;44,94369;7,6277
35620;35633;44,94369;7,6277;35634;44,94263;7,63852
35620;35634;44,94263;7,63852;35635;44,91319;7,6675
35636;35637;45,00029;7,67197;35638;44,96529;7,64584
35636;35638;44,96529;7,64584;35639;44,9535;7,62767
35636;35639;44,9535;7,62767;35640;44,95124;7,5995
35641;35642;44,89732;7,56854;35643;44,90606;7,58993
35641;35643;44,90606;7,58993;35644;44,91686;7,60064
35641;35644;44,91686;7,60064;35645;44,92748;7,60811
35641;35645;44,92748;7,60811;35646;44,92981;7,62159
35641;35646;44,92981;7,62159;35647;44,94336;7,6276
35641;35647;44,94336;7,6276;35648;44,9607;7,66793
35649;35650;44,97641;7,38201;35651;44,95674;7,40743
35649;35651;44,95674;7,40743;35652;44,91996;7,42534
35649;35652;44,91996;7,42534;35653;44,91521;7,42855
35649;35653;44,91521;7,42855;35654;44,90511;7,43591
35649;35654;44,90511;7,43591;35655;44,88765;7,48955
35649;35655;44,88765;7,48955;35656;44,88805;7,49576
35649;35656;44,88805;7,49576;35657;44,88898;7,56763
35649;35657;44,88898;7,56763;35658;44,89731;7,56867
35649;35658;44,89731;7,56867;35659;44,90753;7,64833
35669;35670;44,84441;7,48082;35671;44,82168;7,43435
35690;35691;44,86844;7,41419;35692;44,85064;7,40543
35690;35692;44,85064;7,40543;35693;44,84192;7,38193
35690;35693;44,84192;7,38193;35694;44,83885;7,37306
35690;35694;44,83885;7,37306;35695;44,8407;7,35441
35690;35695;44,8407;7,35441;35696;44,82549;7,31268
35697;35698;44,87538;7,35212;35699;44,86512;7,36996
35697;35699;44,86512;7,36996;35700;44,86062;7,38271
35697;35700;44,86062;7,38271;35701;44,8506;7,40096
35697;35701;44,8506;7,40096;35702;44,85057;7,4055
35697;35702;44,85057;7,4055;35703;44,84992;7,42344
35697;35703;44,84992;7,42344;35704;44,85189;7,43473
35697;35704;44,85189;7,43473;35705;44,85225;7,44483
35697;35705;44,85225;7,44483;35706;44,85423;7,45048
35707;35708;45,18455;7,71286;35709;45,1903;7,69659
35707;35709;45,1903;7,69659;35710;45,21116;7,65531
35707;35710;45,21116;7,65531;35711;45,21949;7,63554
35707;35711;45,21949;7,63554;35712;45,22062;7,6245
35707;35712;45,22062;7,6245;35713;45,23448;7,60834
35714;35715;44,86467;7,33312;35716;44,85697;7,32521
35714;35716;44,85697;7,32521;35717;44,85087;7,3188
35714;35717;44,85087;7,3188;35718;44,83238;7,30633
35743;35744;44,8855;7,32101;35745;44,90779;7,31372
35743;35745;44,90779;7,31372;35746;44,91686;7,30733
35743;35746;44,91686;7,30733;35747;44,92899;7,29598
35760;35761;45,19101;7,71682;35762;45,20461;7,71661
35760;35762;45,20461;7,71661;35763;45,22799;7,64591
35769;35770;45,02893;7,52618;35771;45,026;7,55186
35769;35771;45,026;7,55186;35772;45,02011;7,58141
35769;35772;45,02011;7,58141;35773;45,00588;7,59672
35769;35773;45,00588;7,59672;35774;45,00082;7,61084
35769;35774;45,00082;7,61084;35775;45,00145;7,63249
35769;35775;45,00145;7,63249;35776;45,00206;7,67343
35777;35778;45,10771;7,48237;35779;45,11768;7,48737
35777;35779;45,11768;7,48737;35780;45,12787;7,49325
35777;35780;45,12787;7,49325;35781;45,13366;7,48512
35777;35781;45,13366;7,48512;35782;45,15892;7,49868
35777;35782;45,15892;7,49868;35783;45,16552;7,50232
35777;35783;45,16552;7,50232;35784;45,18103;7,51655
35777;35784;45,18103;7,51655;35785;45,21515;7,52332
35777;35785;45,21515;7,52332;35786;45,21323;7,54463
35787;35788;45,04862;7,30701;35789;45,04153;7,3221
35787;35789;45,04153;7,3221;35790;45,04472;7,35339
35787;35790;45,04472;7,35339;35791;45,04878;7,37366
35787;35791;45,04878;7,37366;35792;45,06196;7,39204
35793;35794;44,93395;7,34741;35795;44,92535;7,33171
35793;35795;44,92535;7,33171;35796;44,9117;7,36245
35793;35796;44,9117;7,36245;35797;44,89226;7,38518
35793;35797;44,89226;7,38518;35798;44,89342;7,39307
35793;35798;44,89342;7,39307;35799;44,89226;7,39551
35793;35799;44,89226;7,39551;35800;44,87436;7,40236
35801;35802;45,08583;7,40128;35803;45,09579;7,40444
35801;35803;45,09579;7,40444;35804;45,11056;7,39808
35801;35804;45,11056;7,39808;35805;45,11741;7,38891
35801;35805;45,11741;7,38891;35806;45,12765;7,39409
35801;35806;45,12765;7,39409;35807;45,13496;7,38579
35801;35807;45,13496;7,38579;35808;45,13985;7,38016
35801;35808;45,13985;7,38016;35809;45,15018;7,38339
35801;35809;45,15018;7,38339;35810;45,1631;7,37055
35801;35810;45,1631;7,37055;35811;45,17032;7,37689
35801;35811;45,17032;7,37689;35812;45,18253;7,37318
35801;35812;45,18253;7,37318;35813;45,23044;7,37559
35801;35813;45,23044;7,37559;35814;45,23218;7,36732
35815;35816;45,1117;7,66337;35817;45,12918;7,6582
35815;35817;45,12918;7,6582;35818;45,13367;7,65646
35815;35818;45,13367;7,65646;35819;45,15466;7,6548
35815;35819;45,15466;7,6548;35820;45,17358;7,65146
35815;35820;45,17358;7,65146;35821;45,17825;7,64981
35815;35821;45,17825;7,64981;35822;45,18065;7,64867
35815;35822;45,18065;7,64867;35823;45,18865;7,63959
35815;35823;45,18865;7,63959;35824;45,2211;7,60856
35815;35824;45,2211;7,60856;35825;45,24597;7,57379
35815;35825;45,24597;7,57379;35826;45,24928;7,55633
35815;35826;45,24928;7,55633;35827;45,26011;7,5434
35815;35827;45,26011;7,5434;35828;45,26641;7,51973
35815;35828;45,26641;7,51973;35829;45,27185;7,48532
35815;35829;45,27185;7,48532;35830;45,27014;7,47752
35815;35830;45,27014;7,47752;35831;45,26379;7,47078
35815;35831;45,26379;7,47078;35832;45,26073;7,46079
35833;35834;45,2351;7,74128;35835;45,242;7,6786
35833;35835;45,242;7,6786;35836;45,24581;7,65607
35833;35836;45,24581;7,65607;35837;45,25;7,64058
35833;35837;45,25;7,64058;35838;45,24694;7,61727
35833;35838;45,24694;7,61727;35839;45,24224;7,60845
35833;35839;45,24224;7,60845;35840;45,23791;7,60356
35848;35849;45,23793;7,60356;35850;45,24905;7,59693
35848;35850;45,24905;7,59693;35851;45,26552;7,5803
35848;35851;45,26552;7,5803;35852;45,26854;7,5626
35848;35852;45,26854;7,5626;35853;45,30988;7,53614
35848;35853;45,30988;7,53614;35854;45,31256;7,47825
35848;35854;45,31256;7,47825;35855;45,31312;7,47029
35848;35855;45,31312;7,47029;35856;45,30084;7,46677
35848;35856;45,30084;7,46677;35857;45,27415;7,4812
35858;35861;45,43059;7,7932;35862;45,42732;7,78349
35858;35862;45,42732;7,78349;35863;45,42188;7,77076
35858;35863;45,42188;7,77076;35864;45,40541;7,74683
35858;35864;45,40541;7,74683;35865;45,39274;7,73175
35858;35865;45,39274;7,73175;35866;45,38284;7,71747
35858;35866;45,38284;7,71747;35867;45,36512;7,72457
35858;35867;45,36512;7,72457;35868;45,34822;7,7411
35858;35868;45,34822;7,7411;35869;45,33604;7,73344
35858;35869;45,33604;7,73344;35870;45,32042;7,73028
35871;35872;45,24598;7,5738;35873;45,26552;7,5803
35871;35873;45,26552;7,5803;35874;45,30705;7,5766
35871;35874;45,30705;7,5766;35875;45,31426;7,61004
35871;35875;45,31426;7,61004;35876;45,3336;7,62372
35871;35876;45,3336;7,62372;35877;45,33869;7,61932
35878;35879;45,12559;7,7037;35880;45,14689;7,70744
35878;35880;45,14689;7,70744;35881;45,16166;7,71085
35878;35881;45,16166;7,71085;35882;45,16916;7,71262
35878;35882;45,16916;7,71262;35883;45,17936;7,715
35878;35883;45,17936;7,715;35884;45,18495;7,72025
35878;35884;45,18495;7,72025;35885;45,20252;7,72622
35878;35885;45,20252;7,72622;35886;45,20788;7,72881
35878;35886;45,20788;7,72881;35887;45,21333;7,73018
35878;35887;45,21333;7,73018;35889;45,23691;7,74016
35878;35889;45,23691;7,74016;35890;45,2461;7,74133
35891;35892;45,2713;7,48182;35893;45,27928;7,46384
35891;35893;45,27928;7,46384;35894;45,28376;7,42287
35891;35894;45,28376;7,42287;35895;45,28787;7,40575
35896;35897;45,26135;7,45998;35898;45,26762;7,44693
35896;35898;45,26762;7,44693;35899;45,25519;7,43652
35896;35899;45,25519;7,43652;35900;45,23856;7,43718
35896;35900;45,23856;7,43718;35901;45,2367;7,4276
35896;35901;45,2367;7,4276;35902;45,23826;7,40979
35896;35902;45,23826;7,40979;35903;45,23807;7,38568
35896;35903;45,23807;7,38568;35904;45,23872;7,37628
35896;35904;45,23872;7,37628;35905;45,23302;7,36379
35896;35905;45,23302;7,36379;35906;45,22598;7,33228
35896;35906;45,22598;7,33228;35907;45,22742;7,2473
35913;35914;45,31328;7,38904;35915;45,30698;7,39664
35913;35915;45,30698;7,39664;35916;45,32467;7,3972
35913;35916;45,32467;7,3972;35917;45,33104;7,39393
35913;35917;45,33104;7,39393;35918;45,34;7,38583
35913;35918;45,34;7,38583;35919;45,34449;7,37804
35913;35919;45,34449;7,37804;35920;45,36343;7,34204
35913;35920;45,36343;7,34204;35921;45,36753;7,30954
35913;35921;45,36753;7,30954;35922;45,36874;7,2856
35925;35926;45,18338;7,82892;35927;45,20417;7,77958
35925;35927;45,20417;7,77958;35928;45,22221;7,7613
35925;35928;45,22221;7,7613;35929;45,23493;7,74146
35925;35929;45,23493;7,74146;35930;45,24949;7,71973
35925;35930;45,24949;7,71973;35931;45,28041;7,66367
35932;35933;45,08048;7,73139;35934;45,07785;7,76852
35932;35934;45,07785;7,76852;35935;45,06935;7,8163
35932;35935;45,06935;7,8163;35936;45,06607;7,83916
35932;35936;45,06607;7,83916;35937;45,06556;7,8508
35932;35937;45,06556;7,8508;35938;45,07595;7,85462
35932;35938;45,07595;7,85462;35939;45,09533;7,87581
35940;35941;45,18488;7,72029;35942;45,20417;7,77958
35940;35942;45,20417;7,77958;35943;45,22154;7,78348
35940;35943;45,22154;7,78348;35944;45,22503;7,78615
35940;35944;45,22503;7,78615;35945;45,27112;7,82162
35940;35945;45,27112;7,82162;35946;45,31315;7,81008
35940;35946;45,31315;7,81008;35947;45,33071;7,7996
35948;35949;45,30529;7,74704;35950;45,3173;7,75908
35948;35950;45,3173;7,75908;35951;45,3583;7,7684
35948;35951;45,3583;7,7684;35952;45,38925;7,75844
35948;35952;45,38925;7,75844;35953;45,39366;7,75539
35948;35953;45,39366;7,75539;35954;45,40541;7,74683
35955;35956;45,32398;7,65864;35957;45,33364;7,62374
35955;35957;45,33364;7,62374;35958;45,3428;7,59756
35955;35958;45,3428;7,59756;35959;45,35334;7,59611
35955;35959;45,35334;7,59611;35960;45,36767;7,61703
35955;35960;45,36767;7,61703;35961;45,38167;7,6304
35955;35961;45,38167;7,6304;35962;45,38996;7,64342
35955;35962;45,38996;7,64342;35963;45,38507;7,6601
35970;35971;45,4214;7,59376;35972;45,47756;7,56224
35982;35983;45,35481;7,73605;35984;45,34443;7,7652
35982;35984;45,34443;7,7652;35985;45,3375;7,78258
35982;35985;45,3375;7,78258;35986;45,33069;7,79977
35982;35986;45,33069;7,79977;35987;45,32189;7,8149
35982;35987;45,32189;7,8149;35988;45,31863;7,82025
35982;35988;45,31863;7,82025;35989;45,31574;7,82906
35982;35989;45,31574;7,82906;35990;45,31009;7,84817
35982;35990;45,31009;7,84817;35991;45,30821;7,87881
35992;35993;45,337;7,80076;35994;45,35662;7,81629
35992;35994;45,35662;7,81629;35995;45,38;7,81711
35992;35995;45,38;7,81711;35996;45,39399;7,81523
35992;35996;45,39399;7,81523;35997;45,38616;7,85023
35998;35999;45,38704;7,75581;36000;45,38927;7,75843
35998;36000;45,38927;7,75843;36001;45,39401;7,81522
35998;36001;45,39401;7,81522;36002;45,39278;7,83437
35998;36002;45,39278;7,83437;36003;45,38669;7,85996
35998;36003;45,38669;7,85996;36004;45,37918;7,88378
35998;36004;45,37918;7,88378;36005;45,37865;7,89378
35998;36005;45,37865;7,89378;36006;45,39813;7,9423
35998;36006;45,39813;7,9423;36007;45,39804;7,96024
35998;36007;45,39804;7,96024;36008;45,40631;7,99227
35998;36008;45,40631;7,99227;36009;45,4237;7,99418
35998;36009;45,4237;7,99418;36010;45,44388;8,00199
36013;36014;45,02842;7,6021;36015;45,0227;7,58772
36013;36015;45,0227;7,58772;36016;45,02011;7,58141
36013;36016;45,02011;7,58141;36017;45,01677;7,57259
36013;36017;45,01677;7,57259;36018;45,01083;7,55611
36013;36018;45,01083;7,55611;36019;45,00673;7,55437
36013;36019;45,00673;7,55437;36020;44,99915;7,55107
36013;36020;44,99915;7,55107;36021;44,99613;7,53214
36013;36021;44,99613;7,53214;36022;44,99576;7,52216
36013;36022;44,99576;7,52216;36023;44,97909;7,47422
36013;36023;44,97909;7,47422;36024;44,97539;7,44747
36025;36026;45,42409;7,76962;36027;45,44297;7,76853
36049;36051;45,43471;7,84898;36052;45,42068;7,85942
36049;36052;45,42068;7,85942;36053;45,41123;7,84466
36049;36053;45,41123;7,84466;36054;45,39275;7,83434
36055;36060;45,43042;7,92732;36061;45,39776;7,94233
36055;36061;45,39776;7,94233;36062;45,38377;7,95128
36055;36062;45,38377;7,95128;36063;45,36212;7,98748
36055;36063;45,36212;7,98748;36064;45,34845;8,01019
36065;36066;45,11351;7,62561;36067;45,12616;7,58727
36065;36067;45,12616;7,58727;36068;45,14224;7,55965
36065;36068;45,14224;7,55965;36069;45,1411;7,5369
36065;36069;45,1411;7,5369;36070;45,15887;7,49866
36071;36075;45,43096;7,94728;36076;45,39802;7,96031
36071;36076;45,39802;7,96031;36077;45,38831;7,99363
36071;36077;45,38831;7,99363;36078;45,38639;8,00377
36071;36078;45,38639;8,00377;36079;45,38332;8,0085
36080;36081;45,19205;7,89812;36082;45,22683;7,9146
36080;36082;45,22683;7,9146;36083;45,2874;7,93777
36080;36083;45,2874;7,93777;36084;45,3001;7,93173
36080;36084;45,3001;7,93173;36085;45,33414;7,94715
36080;36085;45,33414;7,94715;36086;45,34414;7,93756
36080;36086;45,34414;7,93756;36087;45,3631;7,90481
36080;36087;45,3631;7,90481;36088;45,37868;7,89382
36089;36090;45,19505;7,88221;36091;45,23945;7,8647
36089;36091;45,23945;7,8647;36092;45,27116;7,82162
36089;36092;45,27116;7,82162;36093;45,31578;7,82908
36089;36093;45,31578;7,82908;36094;45,33445;7,83547
36089;36094;45,33445;7,83547;36095;45,36295;7,84229
36089;36095;45,36295;7,84229;36096;45,36889;7,84824
36089;36096;45,36889;7,84824;36097;45,3859;7,86292
36089;36097;45,3859;7,86292;36098;45,38993;7,86541
36089;36098;45,38993;7,86541;36099;45,41105;7,88103
36100;36101;45,18541;7,85945;36102;45,19548;7,84239
36100;36102;45,19548;7,84239;36103;45,22159;7,78354
36100;36103;45,22159;7,78354;36104;45,26774;7,7629
36100;36104;45,26774;7,7629;36105;45,26559;7,74354
36106;36107;45,18955;7,96708;36108;45,21573;7,97162
36106;36108;45,21573;7,97162;36109;45,24632;7,96422
36106;36109;45,24632;7,96422;36110;45,29776;7,94109
36111;36112;45,18972;7,9634;36113;45,20646;7,949
36111;36113;45,20646;7,949;36114;45,22202;7,94411
36111;36114;45,22202;7,94411;36115;45,22684;7,91464
36111;36115;45,22684;7,91464;36116;45,22936;7,9102
36111;36116;45,22936;7,9102;36117;45,23684;7,90462
36111;36117;45,23684;7,90462;36118;45,23697;7,8912
36119;36120;45,13025;7,82541;36121;45,12506;7,85472
36119;36121;45,12506;7,85472;36122;45,11958;7,86269
36119;36122;45,11958;7,86269;36123;45,11186;7,88577
36119;36123;45,11186;7,88577;36124;45,09565;7,92595
36119;36124;45,09565;7,92595;36126;45,08371;7,92467
36127;36128;45,11959;7,86267;36129;45,09553;7,87613
36127;36129;45,09553;7,87613;36130;45,07427;7,87758
36127;36130;45,07427;7,87758;36131;45,05876;7,87377
36127;36131;45,05876;7,87377;36132;45,03712;7,87367
36133;36134;45,02673;7,8502;36135;45,03719;7,87372
36133;36135;45,03719;7,87372;36136;45,03783;7,90195
36133;36136;45,03783;7,90195;36137;45,04076;7,9224
36133;36137;45,04076;7,9224;36138;45,03919;7,93831
36133;36138;45,03919;7,93831;36139;45,04008;7,95858
38613;38616;45,27252;8,08136;38617;45,2991;8,03883
38635;38636;45,22647;7,99412;38637;45,23603;8,01181
38635;38637;45,23603;8,01181;38638;45,25234;8,04894
38635;38638;45,25234;8,04894;38639;45,27247;8,08138
38662;38663;45,23369;8,01431;38664;45,19912;8,08722
38666;38667;45,3249;8,09165;38668;45,34945;8,05359
38666;38668;45,34945;8,05359;38669;45,37505;8,01852
38666;38669;45,37505;8,01852;38670;45,38332;8,0085
39975;39976;45,02313;7,63504;39977;45,03042;7,64011
39975;39977;45,03042;7,64011;39978;45,0347;7,6431
39975;39978;45,0347;7,6431;39979;45,04372;7,6494
39980;39981;45,06422;7,54342;39982;45,05316;7,56891
39980;39982;45,05316;7,56891;39983;45,05113;7,61536
39980;39983;45,05113;7,61536;39984;45,05048;7,62978
39985;39986;45,0753;7,72725;39987;45,072;7,70743
39985;39987;45,072;7,70743;39988;45,07057;7,70213
39989;39990;45,0416;7,67673;39991;45,0426;7,67126
39989;39991;45,0426;7,67126;39992;45,04665;7,66213
39993;39994;45,0835;7,72973;39995;45,08004;7,73149
39993;39995;45,08004;7,73149;39996;45,07543;7,7307
39993;39996;45,07543;7,7307;39997;45,07044;7,72754
39993;39997;45,07044;7,72754;39998;45,0672;7,70892
39993;39998;45,0672;7,70892;39999;45,06277;7,69867
40000;40001;45,03997;7,63403;40002;45,0347;7,6431
40000;40002;45,0347;7,6431;40003;45,03273;7,64641
40004;40005;45,04541;7,68355;40006;45,04639;7,67869
40004;40006;45,04639;7,67869;40007;45,0474;7,67318
40004;40007;45,0474;7,67318;40008;45,04997;7,66592
40009;40010;45,05144;7,65493;40011;45,06016;7,66113
40009;40011;45,06016;7,66113;40012;45,06726;7,66622
40013;40014;45,0614;7,65806;40015;45,06016;7,66113
40013;40015;45,06016;7,66113;40016;45,05719;7,66894
40017;40018;45,0707;7,52872;40019;45,07149;7,54668
40017;40019;45,07149;7,54668;40020;45,0729;7,58041
40017;40020;45,0729;7,58041;40021;45,07396;7,60612
40017;40021;45,07396;7,60612;40022;45,0743;7,61453
40017;40022;45,0743;7,61453;40023;45,07452;7,61956
40017;40023;45,07452;7,61956;40024;45,07472;7,6241
40017;40024;45,07472;7,6241;40025;45,0751;7,63555
40017;40025;45,0751;7,63555;40026;45,07552;7,6433
40017;40026;45,07552;7,6433;40027;45,07604;7,65629
40017;40027;45,07604;7,65629;40028;45,07653;7,66832
40029;40030;45,03904;7,65353;40031;45,04837;7,65932
40029;40031;45,04837;7,65932;40032;45,0518;7,6615
40029;40032;45,0518;7,6615;40033;45,05834;7,66598
40029;40033;45,05834;7,66598;40034;45,06559;7,67093
40029;40034;45,06559;7,67093;40035;45,07126;7,67492
40036;40037;45,03106;7,65195;40038;45,03268;7,64651
40039;40040;45,11876;7,71112;40041;45,11209;7,7068
40039;40041;45,11209;7,7068;40042;45,10231;7,70032
40039;40042;45,10231;7,70032;40043;45,09186;7,69358
40039;40043;45,09186;7,69358;40044;45,08784;7,69092
40039;40044;45,08784;7,69092;40045;45,07761;7,68417
40046;40047;45,10669;7,63805;40048;45,1056;7,65831
40046;40048;45,1056;7,65831;40049;45,105;7,67004
40046;40049;45,105;7,67004;40050;45,10387;7,68826
40046;40050;45,10387;7,68826;40051;45,10345;7,69549
40052;40053;45,04364;7,64961;40054;45,0515;7,65478
40055;40056;45,07552;7,6433;40057;45,08731;7,6515
40058;40059;45,09718;7,62291;40060;45,08222;7,61434
40058;40060;45,08222;7,61434;40061;45,0743;7,61453
40062;40063;45,01735;7,66893;40064;45,01853;7,66205
40062;40064;45,01853;7,66205;40065;45,0219;7,65062
40066;40067;45,0416;7,67673;40068;45,04641;7,67858
40066;40068;45,04641;7,67858;40069;45,05948;7,68794
40070;40071;45,01933;7,67887;40072;45,0393;7,68231
40070;40072;45,0393;7,68231;40073;45,04468;7,68581
40070;40073;45,04468;7,68581;40074;45,05754;7,69324
40070;40074;45,05754;7,69324;40075;45,06277;7,69867
40076;40077;45,0594;7,62881;40078;45,0751;7,63555
40079;40080;45,0751;7,63555;40081;45,0835;7,63925
40082;40083;45,0393;7,68231;40084;45,04086;7,67978
40085;40086;45,0918;7,67847;40087;45,09176;7,66297
40088;40089;45,08899;7,68837;40091;45,07957;7,70077
40088;40091;45,07957;7,70077;40092;45,07559;7,70434
40093;40094;45,02829;7,60157;40095;45,02901;7,60633
40093;40095;45,02901;7,60633;40096;45,03143;7,61394
40093;40096;45,03143;7,61394;40097;45,03557;7,62498
40093;40097;45,03557;7,62498;40098;45,03744;7,62868
40093;40098;45,03744;7,62868;40099;45,03997;7,63403
40093;40099;45,03997;7,63403;40100;45,04541;7,64446
40093;40100;45,04541;7,64446;40101;45,05146;7,65378
40102;40103;45,07466;7,6238;40104;45,0707;7,63381
40102;40104;45,0707;7,63381;40105;45,06882;7,63866
40102;40105;45,06882;7,63866;40106;45,06487;7,64898
40102;40106;45,06487;7,64898;40107;45,0614;7,65806
40108;40109;45,10532;7,6634;40110;45,1003;7,66037
40108;40110;45,1003;7,66037;40111;45,09142;7,65444
40108;40111;45,09142;7,65444;40112;45,08734;7,65171
40113;40114;45,04837;7,65932;40115;45,0513;7,66323
40113;40115;45,0513;7,66323;40116;45,05719;7,66894
40113;40116;45,05719;7,66894;40117;45,06443;7,67411
40118;40119;45,10432;7,6075;40120;45,09961;7,6172
40118;40120;45,09961;7,6172;40121;45,09718;7,62291
40118;40121;45,09718;7,62291;40122;45,09362;7,63238
40118;40122;45,09362;7,63238;40123;45,08731;7,6515
40118;40123;45,08731;7,6515;40124;45,08578;7,65614
40118;40124;45,08578;7,65614;40125;45,08239;7,66652
40118;40125;45,08239;7,66652;40126;45,07914;7,67628
40118;40126;45,07914;7,67628;40127;45,07662;7,68376
40118;40127;45,07662;7,68376;40128;45,07471;7,68969
40118;40128;45,07471;7,68969;40129;45,07057;7,70213
40118;40129;45,07057;7,70213;40130;45,0689;7,7078
40131;40132;45,09416;7,71598;40133;45,07957;7,70077
40131;40133;45,07957;7,70077;40134;45,07466;7,68983
40135;40136;45,00243;7,67055;40137;45,00722;7,66919
40135;40137;45,00722;7,66919;40138;45,01751;7,66164
40139;40140;45,05791;7,63513;40141;45,0547;7,64932
40139;40141;45,0547;7,64932;40142;45,05306;7,65605
40139;40142;45,05306;7,65605;40144;45,0518;7,6615
40139;40144;45,0518;7,6615;40143;45,04997;7,66592
40145;40146;45,06548;7,69882;40147;45,07466;7,68983
40148;40149;45,05048;7,62978;40150;45,04881;7,63453
40148;40150;45,04881;7,63453;40151;45,04542;7,64454
40148;40151;45,04542;7,64454;40152;45,04364;7,64961
40153;40154;45,03121;7,61376;40155;45,02274;7,63536
40156;40157;45,04009;7,63402;40158;45,0489;7,63449
40156;40158;45,0489;7,63449;40159;45,0553;7,63492
40160;40161;45,0539;7,67564;40162;45,05504;7,67158
40160;40162;45,05504;7,67158;40163;45,05719;7,66894
40164;40165;45,07506;7,7049;40166;45,06883;7,70804
40167;40168;45,0553;7,63492;40169;45,05793;7,63497
40167;40169;45,05793;7,63497;40170;45,06882;7,63866
40167;40170;45,06882;7,63866;40171;45,07543;7,64336
40172;40173;44,99913;7,68006;40174;45,00844;7,67156
40172;40174;45,00844;7,67156;40175;45,01735;7,66893
40176;40177;45,04673;7,66208;40178;45,04997;7,66592
40176;40178;45,04997;7,66592;40179;45,05516;7,67151
40180;40181;45,00872;7,61965;40182;45,0134;7,62478
40180;40182;45,0134;7,62478;40183;45,02287;7,63507
40180;40183;45,02287;7,63507;40184;45,02595;7,63901
40180;40184;45,02595;7,63901;40185;45,03273;7,64641
40180;40185;45,03273;7,64641;40186;45,03913;7,65356
40180;40186;45,03913;7,65356;40187;45,04665;7,66213
40188;40189;45,01736;7,66865;40190;45,0232;7,67052
40188;40190;45,0232;7,67052;40191;45,03603;7,67638
40192;40193;45,11912;7,7116;40194;45,11745;7,70561
40192;40194;45,11745;7,70561;40195;45,10345;7,69549
40192;40195;45,10345;7,69549;40196;45,08899;7,68837
40197;40198;45,09006;7,67836;40199;45,08948;7,68385
40197;40199;45,08948;7,68385;40200;45,08899;7,68837
40201;40202;45,06721;7,66633;40203;45,0729;7,67032
40204;40205;45,07538;7,64365;40206;45,07107;7,65564
40204;40206;45,07107;7,65564;40207;45,0656;7,67089
40204;40207;45,0656;7,67089;40208;45,06225;7,6803
40204;40208;45,06225;7,6803;40210;45,0584;7,69079
40211;40212;45,0991;7,72281;40213;45,09416;7,71598
40220;40221;45,07539;7,7305;40222;45,0753;7,72725
40235;40236;45,1056;7,65831;40237;45,105;7,67004
40238;40239;45,036;7,67645;40240;45,04639;7,67869
40241;40242;45,02391;7,67103;40243;45,0265;7,66738
40241;40243;45,0265;7,66738;40244;45,03106;7,65195
40245;40246;45,05316;7,56891;40247;45,03121;7,61376
40248;40249;45,1304;7,65772;40250;45,11126;7,66354
40251;40252;45,11633;7,7356;40253;45,10793;7,72819
40251;40253;45,10793;7,72819;40254;45,0991;7,72281
40255;40256;45,09961;7,61695;40257;45,09742;7,63392
40258;40259;44,99913;7,68006;40260;45,01917;7,67896
40261;40262;45,09416;7,71598;40263;45,10225;7,70035
40261;40263;45,10225;7,70035;40264;45,10345;7,69549
40265;40266;45,07371;7,66806;40267;45,07126;7,67492
40265;40267;45,07126;7,67492;40268;45,07012;7,67813
40269;40270;45,06432;7,62343;40271;45,07452;7,61956
40272;40273;45,03744;7,62868;40274;45,05049;7,62965
40272;40274;45,05049;7,62965;40275;45,05851;7,62818
40276;40277;45,01853;7,66205;40278;45,02717;7,66563
40276;40278;45,02717;7,66563;40279;45,0426;7,67126
40276;40279;45,0426;7,67126;40280;45,0539;7,67564
40276;40280;45,0539;7,67564;40281;45,06229;7,68023
40282;40283;45,09742;7,63392;40284;45,09142;7,65444
40282;40284;45,09142;7,65444;40285;45,0874;7,65697
40286;40287;45,09742;7,63392;40288;45,09362;7,63238
40286;40288;45,09362;7,63238;40289;45,07447;7,61951
40290;40291;45,0703;7,67772;40292;45,0708;7,68396
40293;40294;45,11126;7,66354;40295;45,1061;7,69675
40296;40297;45,05851;7,62818;40298;45,06435;7,62334
40299;40300;45,05504;7,67158;40301;45,06313;7,67782
40302;40303;45,1118;7,65768;40304;45,10586;7,64787
40302;40304;45,10586;7,64787;40305;45,09742;7,63392
40306;40307;45,11126;7,66354;40308;45,10532;7,6634
40309;40310;45,01751;7,66164;40311;45,0175;7,64811
40309;40311;45,0175;7,64811;40312;45,02274;7,63536
40613;40615;45,486;9,21645;40617;45,48335;9,21383
40613;40617;45,48335;9,21383;40618;45,4802;9,21082
40613;40618;45,4802;9,21082;40619;45,47659;9,2071
40613;40619;45,47659;9,2071;40623;45,47426;9,20482
40624;40626;45,46609;9,16584;40632;45,46928;9,16634
40624;40632;45,46928;9,16634;40636;45,47169;9,16642
40624;40636;45,47169;9,16642;40642;45,47402;9,16985
40624;40642;45,47402;9,16985;40647;45,47796;9,16947
40624;40647;45,47796;9,16947;40651;45,47674;9,17687
40624;40651;45,47674;9,17687;40659;45,47837;9,18105
40624;40659;45,47837;9,18105;40660;45,48105;9,18262
40624;40660;45,48105;9,18262;41921;45,48027;9,18793
40624;41921;45,48027;9,18793;40666;45,47967;9,19248
40624;40666;45,47967;9,19248;40674;45,47833;9,19684
40624;40674;45,47833;9,19684;40677;45,47426;9,20482
40624;40677;45,47426;9,20482;41925;45,46953;9,20561
40624;41925;45,46953;9,20561;41922;45,46657;9,20595
40624;41922;45,46657;9,20595;40683;45,46233;9,20665
40624;40683;45,46233;9,20665;41926;45,46006;9,20644
40624;41926;45,46006;9,20644;40684;45,45747;9,20453
40624;40684;45,45747;9,20453;41927;45,45482;9,2029
40624;41927;45,45482;9,2029;40687;45,45243;9,2018
40624;40687;45,45243;9,2018;40692;45,45208;9,19649
40624;40692;45,45208;9,19649;41930;45,45212;9,18859
40624;41930;45,45212;9,18859;41931;45,4526;9,1845
40624;41931;45,4526;9,1845;41932;45,45304;9,17846
40624;41932;45,45304;9,17846;41933;45,45423;9,17577
40624;41933;45,45423;9,17577;40701;45,45588;9,17347
40624;40701;45,45588;9,17347;41935;45,45831;9,16951
40624;41935;45,45831;9,16951;40702;45,46016;9,16659
40624;40702;45,46016;9,16659;40705;45,4627;9,16472
40624;40705;45,4627;9,16472;40706;45,46488;9,16544
40707;40709;45,4837;9,21697;40712;45,48039;9,22363
40707;40712;45,48039;9,22363;40713;45,47345;9,22373
40707;40713;45,47345;9,22373;40716;45,46814;9,22379
40707;40716;45,46814;9,22379;40720;45,46072;9,22389
40707;40720;45,46072;9,22389;40725;45,45108;9,22401
40707;40725;45,45108;9,22401;40728;45,44435;9,22412
40707;40728;45,44435;9,22412;40731;45,44012;9,22411
40707;40731;45,44012;9,22411;40737;45,43696;9,21702
40707;40737;45,43696;9,21702;40740;45,43695;9,20918
40707;40740;45,43695;9,20918;40743;45,43613;9,2006
40707;40743;45,43613;9,2006;40746;45,43719;9,19799
40707;40746;45,43719;9,19799;40749;45,43736;9,18774
40707;40749;45,43736;9,18774;40750;45,43775;9,17828
40707;40750;45,43775;9,17828;40753;45,43771;9,17113
40707;40753;45,43771;9,17113;40756;45,43744;9,15463
40707;40756;45,43744;9,15463;40761;45,44289;9,14774
40707;40761;45,44289;9,14774;41937;45,44574;9,146
40707;41937;45,44574;9,146;40764;45,44921;9,14398
40707;40764;45,44921;9,14398;40765;45,45187;9,14242
40707;40765;45,45187;9,14242;40770;45,46137;9,13692
40707;40770;45,46137;9,13692;40774;45,46745;9,13704
40707;40774;45,46745;9,13704;40775;45,47213;9,13741
40707;40775;45,47213;9,13741;40778;45,47603;9,13811
40707;40778;45,47603;9,13811;40781;45,47888;9,14289
40782;40784;45,49012;9,15151;40785;45,49412;9,15768
40782;40785;45,49412;9,15768;40790;45,49824;9,1642
40782;40790;45,49824;9,1642;40791;45,4966;9,1711
40782;40791;45,4966;9,1711;40794;45,49749;9,18514
40782;40794;45,49749;9,18514;40797;45,49625;9,19212
40782;40797;45,49625;9,19212;40799;45,49516;9,19616
40782;40799;45,49516;9,19616;40802;45,49399;9,20024
40782;40802;45,49399;9,20024;40805;45,48937;9,20959
40782;40805;45,48937;9,20959;40808;45,48619;9,21686
40782;40808;45,48619;9,21686;40809;45,4837;9,21697
40782;40809;45,4837;9,21697;40813;45,47198;9,21718
40782;40813;45,47198;9,21718;40816;45,46802;9,21724
40782;40816;45,46802;9,21724;40819;45,46227;9,21735
40782;40819;45,46227;9,21735;42389;45,45579;9,21651
40782;42389;45,45579;9,21651;40820;45,44743;9,21014
40782;40820;45,44743;9,21014;40825;45,44654;9,198
40782;40825;45,44654;9,198;40828;45,44578;9,18757
40782;40828;45,44578;9,18757;40829;45,44371;9,17622
40782;40829;45,44371;9,17622;40832;45,44389;9,17268
40782;40832;45,44389;9,17268;40833;45,44415;9,16737
40782;40833;45,44415;9,16737;40838;45,44814;9,15783
40782;40838;45,44814;9,15783;40842;45,45521;9,15268
40782;40842;45,45521;9,15268;40845;45,45974;9,14996
40782;40845;45,45974;9,14996;40848;45,46701;9,14604
40782;40848;45,46701;9,14604;40851;45,47091;9,14479
40782;40851;45,47091;9,14479;40854;45,47606;9,14319
40782;40854;45,47606;9,14319;40858;45,47989;9,14295
40782;40858;45,47989;9,14295;40861;45,48315;9,14313
40782;40861;45,48315;9,14313;41939;45,48571;9,14475
40863;40865;45,40406;9,1569;44448;45,42694;9,17019
40863;44448;45,42694;9,17019;40866;45,43712;9,17467
40863;40866;45,43712;9,17467;40869;45,44371;9,17622
40870;40872;45,53402;9,16114;40873;45,52236;9,16807
40870;40873;45,52236;9,16807;40878;45,51586;9,1723
40870;40878;45,51586;9,1723;40879;45,50631;9,17897
40870;40879;45,50631;9,17897;40882;45,49817;9,18462
40883;40885;45,47258;9,27252;40886;45,47088;9,2457
40883;40886;45,47088;9,2457;40894;45,46971;9,23759
40883;40894;45,46971;9,23759;40895;45,46819;9,23274
40883;40895;45,46819;9,23274;40900;45,46814;9,22379
40883;40900;45,46814;9,22379;40901;45,46802;9,21724
40883;40901;45,46802;9,21724;40906;45,46796;9,21072
40883;40906;45,46796;9,21072;40907;45,46792;9,20701
40908;40910;45,4153;9,15261;40911;45,42291;9,15939
40908;40911;45,42291;9,15939;40914;45,43771;9,17113
40908;40914;45,43771;9,17113;40915;45,44389;9,17268
40916;40917;45,48472;9,13008;40918;45,48011;9,14162
40919;40921;45,51337;9,12464;40922;45,50304;9,13055
40919;40922;45,50304;9,13055;40923;45,49955;9,13049
40919;40923;45,49955;9,13049;40926;45,49382;9,13339
40919;40926;45,49382;9,13339;40929;45,48571;9,14475
40919;40929;45,48571;9,14475;40930;45,48286;9,1485
40919;40930;45,48286;9,1485;40931;45,481;9,15097
40919;40931;45,481;9,15097;40936;45,47759;9,15148
40919;40936;45,47759;9,15148;40937;45,47441;9,15124
40919;40937;45,47441;9,15124;40942;45,47361;9,15553
40919;40942;45,47361;9,15553;40943;45,47035;9,15538
40919;40943;45,47035;9,15538;40946;45,46651;9,15515
40919;40946;45,46651;9,15515;40947;45,45992;9,15479
40919;40947;45,45992;9,15479;40948;45,45586;9,15457
40949;40951;45,46183;9,27195;40952;45,462;9,25144
40949;40952;45,462;9,25144;40953;45,46212;9,23813
40949;40953;45,46212;9,23813;40958;45,4622;9,22387
40949;40958;45,4622;9,22387;40959;45,46227;9,21735
40949;40959;45,46227;9,21735;40960;45,46231;9,20755
40961;40963;45,50607;9,10086;44517;45,50386;9,10973
40961;44517;45,50386;9,10973;40964;45,50144;9,1201
40961;40964;45,50144;9,1201;40966;45,4976;9,13034
40961;40966;45,4976;9,13034;40967;45,49264;9,14579
40972;40974;45,42661;9,24577;40975;45,43388;9,23553
40972;40975;45,43388;9,23553;40980;45,44012;9,22411
40972;40980;45,44012;9,22411;40981;45,44743;9,21014
40972;40981;45,44743;9,21014;40982;45,45203;9,20253
40983;40985;45,43743;9,12087;41938;45,44567;9,14636
40983;41938;45,44567;9,14636;40988;45,44814;9,15784
40983;40988;45,44814;9,15784;40991;45,45023;9,16775
40983;40991;45,45023;9,16775;40994;45,45328;9,17015
40983;40994;45,45328;9,17015;40995;45,45588;9,17347
40996;40998;45,44331;9,11559;40999;45,45187;9,14242
40996;40999;45,45187;9,14242;41003;45,45586;9,15457
40996;41003;45,45586;9,15457;41007;45,46016;9,16659
41008;41010;45,48009;9,1442;41013;45,48286;9,1485
41008;41013;45,48286;9,1485;41014;45,48795;9,15631
41008;41014;45,48795;9,15631;41017;45,48768;9,1662
41008;41017;45,48768;9,1662;41018;45,48748;9,17389
41008;41018;45,48748;9,17389;41023;45,4842;9,17704
41008;41023;45,4842;9,17704;41026;45,48573;9,18205
41008;41026;45,48573;9,18205;41027;45,48417;9,18579
41008;41027;45,48417;9,18579;41032;45,48296;9,19313
41008;41032;45,48296;9,19313;41036;45,48042;9,19877
41008;41036;45,48042;9,19877;41041;45,47659;9,2071
41008;41041;45,47659;9,2071;41044;45,47309;9,2147
41008;41044;45,47309;9,2147;41050;45,47094;9,21951
41008;41050;45,47094;9,21951;41051;45,4687;9,22379
41052;41054;45,44434;9,26661;41055;45,44435;9,26065
41052;41055;45,44435;9,26065;41058;45,44615;9,25867
41052;41058;45,44615;9,25867;41061;45,45777;9,2415
41052;41061;45,45777;9,2415;41065;45,46212;9,23813
41066;41068;45,38949;9,17205;41071;45,43029;9,1778
41066;41071;45,43029;9,1778;41074;45,43325;9,18376
41066;41074;45,43325;9,18376;41080;45,43736;9,18774
41066;41080;45,43736;9,18774;41083;45,44578;9,18757
41066;41083;45,44578;9,18757;41086;45,44973;9,18576
41066;41086;45,44973;9,18576;41087;45,45203;9,18465
41088;41089;45,52414;9,22814;41090;45,48679;9,21682
41091;41093;45,48849;9,06494;41095;45,47297;9,11893
41091;41095;45,47297;9,11893;41096;45,46902;9,12667
41091;41096;45,46902;9,12667;41097;45,46817;9,13055
41091;41097;45,46817;9,13055;41100;45,46745;9,13704
41091;41100;45,46745;9,13704;41101;45,46744;9,141
41091;41101;45,46744;9,141;41106;45,46701;9,14604
41091;41106;45,46701;9,14604;41109;45,4665;9,15009
41091;41109;45,4665;9,15009;41115;45,46651;9,15515
41091;41115;45,46651;9,15515;41116;45,46622;9,16482
41117;41118;45,5127;9,26199;41119;45,5037;9,23996
41117;41119;45,5037;9,23996;44543;45,49616;9,22998
41117;44543;45,49616;9,22998;41120;45,48663;9,21723
41121;41124;45,51274;9,2577;41127;45,49236;9,22978
41121;41127;45,49236;9,22978;41130;45,48978;9,22352
41121;41130;45,48978;9,22352;41133;45,48606;9,21768
41134;41136;45,45275;9,04975;41139;45,45715;9,06986
41134;41139;45,45715;9,06986;41140;45,45744;9,07744
41134;41140;45,45744;9,07744;41143;45,45434;9,09201
41134;41143;45,45434;9,09201;41146;45,45571;9,1149
41134;41146;45,45571;9,1149;41149;45,45764;9,12226
41134;41149;45,45764;9,12226;41150;45,45869;9,12621
41134;41150;45,45869;9,12621;41155;45,46137;9,13692
41134;41155;45,46137;9,13692;41158;45,45919;9,14824
41134;41158;45,45919;9,14824;41164;45,46;9,15071
41134;41164;45,46;9,15071;41165;45,45992;9,15479
41134;41165;45,45992;9,15479;41169;45,46038;9,15945
41134;41169;45,46038;9,15945;41172;45,46157;9,16261
41173;41174;45,4034;9,20881;41175;45,43613;9,2006
41173;41175;45,43613;9,2006;41176;45,44654;9,198
41173;41176;45,44654;9,198;41177;45,45208;9,19649
41178;41180;45,48763;9,2585;41181;45,48719;9,2514
41178;41181;45,48719;9,2514;41185;45,48616;9,23402
41178;41185;45,48616;9,23402;41186;45,48606;9,21768
41187;41189;45,48038;9,26466;41190;45,47778;9,25339
41187;41190;45,47778;9,25339;41193;45,47638;9,24712
41187;41193;45,47638;9,24712;41196;45,48025;9,24557
41187;41196;45,48025;9,24557;41200;45,48006;9,24261
41187;41200;45,48006;9,24261;41206;45,48221;9,2388
41187;41206;45,48221;9,2388;41211;45,47936;9,22998
41187;41211;45,47936;9,22998;41215;45,48006;9,22423
41216;41218;45,4952;9,13008;41219;45,48472;9,13008
41216;41219;45,48472;9,13008;41224;45,4861;9,12514
41216;41224;45,4861;9,12514;41225;45,48492;9,11802
41216;41225;45,48492;9,11802;41230;45,47623;9,12095
41216;41230;45,47623;9,12095;41231;45,47297;9,11893
41232;41234;45,53273;9,21781;41237;45,50294;9,20056
41232;41237;45,50294;9,20056;41238;45,49516;9,19616
41239;41241;45,52949;9,21411;41244;45,50177;9,19796
41239;41244;45,50177;9,19796;41245;45,49562;9,19448
41239;41245;45,49562;9,19448;41246;45,49263;9,1928
41239;41246;45,49263;9,1928;41247;45,48971;9,19116
41248;41250;45,4966;9,1711;41257;45,49519;9,18318
41248;41257;45,49519;9,18318;41258;45,49263;9,1928
41248;41258;45,49263;9,1928;41266;45,48971;9,20114
41248;41266;45,48971;9,20114;41267;45,48657;9,20739
41248;41267;45,48657;9,20739;41270;45,48335;9,21383
41271;44449;45,53468;9,16278;41274;45,53124;9,16333
41271;41274;45,53124;9,16333;41275;45,52216;9,17349
41271;41275;45,52216;9,17349;41281;45,50096;9,19018
41271;41281;45,50096;9,19018;41284;45,49625;9,19212
41285;41287;45,49743;9,18414;41288;45,49519;9,18318
41285;41288;45,49519;9,18318;41291;45,48855;9,18257
41285;41291;45,48855;9,18257;41292;45,48573;9,18205
41293;41295;45,51904;9,11844;41301;45,5114;9,12857
41293;41301;45,5114;9,12857;41304;45,50876;9,13265
41293;41304;45,50876;9,13265;41307;45,50496;9,14048
41293;41307;45,50496;9,14048;41311;45,49897;9,1513
41293;41311;45,49897;9,1513;41314;45,49412;9,15768
41293;41314;45,49412;9,15768;41315;45,48768;9,1662
42153;42154;45,53108;9,22776;42155;45,53311;9,2157
42153;42155;45,53311;9,2157;42156;45,53236;9,19314
42168;42169;45,55832;9,2654;42170;45,56167;9,2727
42168;42170;45,56167;9,2727;42171;45,56695;9,28488
42168;42171;45,56695;9,28488;42172;45,58101;9,30981
42173;42174;45,58101;9,30981;42175;45,59194;9,3114
42229;42230;45,22674;7,91459;42231;45,2127;7,93632
42229;42231;45,2127;7,93632;42232;45,18573;7,95939
42304;42305;45,46737;9,18998;42306;45,47231;9,19508
42307;42308;45,47212;9,18393;42309;45,47291;9,18742
42328;42329;45,45602;9,18742;42332;45,46176;9,17345
42336;42337;45,46839;9,17734;42341;45,47014;9,18332
42336;42341;45,47014;9,18332;42340;45,47314;9,18043
42343;42344;45,47227;9,19505;42345;45,47581;9,19458
42343;42345;45,47581;9,19458;42346;45,47829;9,19685
42347;42348;45,46684;9,19771;42351;45,46879;9,19924
42347;42351;45,46879;9,19924;42349;45,47421;9,20484
42350;42352;45,46677;9,19769;42354;45,46783;9,20582
42355;42356;45,45241;9,20183;42357;45,45759;9,19336
42355;42357;45,45759;9,19336;42358;45,46056;9,18831
42360;42361;45,45242;9,18677;42362;45,45604;9,1874
42360;42362;45,45604;9,1874;42363;45,46058;9,1883
42364;42365;45,46214;9,20655;42366;45,46229;9,19814
42367;42368;45,45575;9,17349;42369;45,45873;9,17774
42370;42371;45,46754;9,16662;42372;45,46788;9,1769
42373;42374;45,4465;9,17946;42375;45,45251;9,18019
42376;42377;45,44356;9,17905;42378;45,44649;9,17945
42379;42380;45,46217;9,21467;42381;45,45918;9,21402
42379;42381;45,45918;9,21402;42382;45,45476;9,21044
42383;42384;45,4577;9,21289;42385;45,45974;9,20731
42386;42387;45,45583;9,21654;42388;45,45767;9,21291
42390;42391;45,4545;9,21023;42392;45,45651;9,20506
42393;42394;45,45277;9,21436;42395;45,45445;9,21023
42396;42397;45,48012;9,18981;42398;45,48289;9,19313
42396;42398;45,48289;9,19313;42399;45,48704;9,19807
42396;42399;45,48704;9,19807;42400;45,49211;9,20406
42396;42400;45,49211;9,20406;42401;45,49833;9,20842
42402;42403;45,49832;9,20843;42404;45,50677;9,21108
42402;42404;45,50677;9,21108;42405;45,5099;9,20803
42406;42407;45,48443;9,20283;42408;45,48703;9,19808
42409;42410;45,4802;9,21081;42411;45,48443;9,20282
42412;42413;45,43749;9,18347;42414;45,44418;9,18278
42418;42419;45,44332;9,16376;42420;45,44051;9,16318
42421;42422;45,43749;9,16495;42423;45,44051;9,16318
42424;42425;45,4389;9,19997;42426;45,44088;9,21362
42427;42428;45,44086;9,21364;42429;45,44247;9,21921
42430;42431;45,44245;9,21921;42432;45,44433;9,22413
42433;42434;45,44458;9,12934;42435;45,45141;9,15083
42433;42435;45,45141;9,15083;42436;45,45248;9,15422
42437;42440;45,45791;9,14705;42438;45,4541;9,14928
42437;42438;45,4541;9,14928;42439;45,4514;9,15081
42444;42445;45,45982;9,14591;42446;45,46492;9,143
42447;42448;45,4152;9,17586;42449;45,42035;9,20464
42450;42451;45,40465;9,20861;42453;45,42029;9,23883
42450;42453;45,42029;9,23883;42452;45,43226;9,23959
42455;42456;45,42029;9,23883;42457;45,43688;9,21697
42458;42459;45,43173;9,22406;42460;45,43712;9,22997
42461;42462;45,45621;9,22419;42463;45,45773;9,2415
42464;42465;45,46217;9,23022;42466;45,4682;9,23014
42467;42468;45,46213;9,23851;42469;45,46438;9,24082
42470;42471;45,46185;9,24081;42472;45,46436;9,24083
42470;42472;45,46436;9,24083;42473;45,46983;9,24387
42474;42475;45,48913;9,22355;42476;45,48939;9,23257
42477;42478;45,48938;9,23256;42479;45,49109;9,237
42480;42481;45,49108;9,23699;42482;45,49196;9,25327
42483;42484;45,49102;9,22313;42485;45,49684;9,22002
42486;42487;45,49616;9,22996;42491;45,50316;9,22793
42492;42493;45,50218;9,22155;42495;45,50313;9,22796
42496;42497;45,50372;9,23997;42499;45,51103;9,23521
42496;42499;45,51103;9,23521;42498;45,51471;9,23357
42510;42511;45,51258;9,22865;42512;45,51241;9,22463
42514;42515;45,51653;9,2408;42516;45,51281;9,24239
42517;42518;45,51281;9,24239;42519;45,511;9,23517
42520;42521;45,5242;9,22829;42523;45,53516;9,24383
42520;42523;45,53516;9,24383;42522;45,54793;9,25645
42524;42525;45,53516;9,24384;42526;45,52654;9,25496
42534;42535;45,53709;9,24566;42536;45,53986;9,23996
42537;42538;45,53411;9,2313;42540;45,5391;9,236
42537;42540;45,5391;9,236;42539;45,55179;9,24801
42541;42542;45,53409;9,23122;42543;45,54909;9,237
42544;42545;45,54901;9,237;42546;45,54887;9,24489
42555;42556;45,53382;9,22382;42557;45,5438;9,23125
42558;42559;45,39996;9,14603;42561;45,40616;9,14969
42558;42561;45,40616;9,14969;42560;45,40465;9,15557
42562;42563;45,39539;9,15196;42564;45,39996;9,14601
42565;42566;45,39533;9,15197;42567;45,39009;9,16932
42571;42572;45,40201;9,14722;42574;45,4036;9,1418
42571;42574;45,4036;9,1418;42573;45,40295;9,12933
42575;42576;45,40293;9,1293;42578;45,40623;9,1272
42575;42578;45,40623;9,1272;42577;45,40909;9,12715
42582;42583;45,41226;9,12641;42584;45,41457;9,12493
42582;42584;45,41457;9,12493;42585;45,42103;9,11971
42586;42587;45,42108;9,11977;42588;45,42618;9,12535
42586;42588;45,42618;9,12535;42590;45,43105;9,12581
42586;42590;45,43105;9,12581;42589;45,4354;9,1234
42591;42592;45,42102;9,11976;42593;45,42917;9,11374
42594;42595;45,42914;9,11375;42597;45,42935;9,10281
42598;42599;45,42909;9,11375;42600;45,42858;9,11899
42598;42600;45,42858;9,11899;42601;45,43102;9,12575
42602;42603;45,423;9,08017;42605;45,43745;9,12092
42611;42612;45,4383;9,10525;42616;45,45427;9,09201
42619;42620;45,44532;9,1219;42621;45,45561;9,11486
42622;42623;45,44722;9,12767;42624;45,45751;9,12238
42622;42624;45,45751;9,12238;42625;45,46142;9,12032
42626;42627;45,44969;9,13564;42628;45,45947;9,12959
42626;42628;45,45947;9,12959;42629;45,46312;9,12792
42630;42631;45,45809;9,09766;42632;45,46057;9,11565
42630;42632;45,46057;9,11565;42633;45,46314;9,12794
42630;42633;45,46314;9,12794;42634;45,46371;9,14015
42635;42636;45,46066;9,11566;42637;45,46611;9,11278
42638;42639;45,46603;9,11289;42640;45,46698;9,1175
42641;42642;45,46691;9,11761;42644;45,4703;9,11663
42641;42644;45,4703;9,11663;42643;45,47285;9,11891
42645;42646;45,47316;9,08018;42647;45,47937;9,10285
42648;42649;45,49164;9,10124;42650;45,4794;9,10667
42651;42652;45,49167;9,10128;42655;45,49253;9,10736
42651;42655;45,49253;9,10736;42654;45,48823;9,11787
42651;42654;45,48823;9,11787;42653;45,48486;9,11813
42656;42657;45,4925;9,10741;42660;45,49449;9,10593
42662;42663;45,50027;9,10743;42664;45,49348;9,12428
42665;42666;45,49469;9,11668;42667;45,49272;9,12979
42670;42671;45,51292;9,15959;42672;45,50886;9,14846
42673;42674;45,50886;9,14844;42676;45,51071;9,13764
42680;42681;45,5295;9,06131;42683;45,52832;9,08677
42680;42683;45,52832;9,08677;42682;45,52545;9,09321
42684;42685;45,52546;9,09333;42687;45,5241;9,10432
42688;42689;45,52876;9,07847;42690;45,53433;9,07511
42688;42690;45,53433;9,07511;42691;45,53854;9,08656
42692;42693;45,53851;9,08656;42694;45,54158;9,10075
42695;42696;45,54158;9,10088;42697;45,54207;9,11688
42698;42699;45,54201;9,11697;42700;45,53498;9,12148
42701;42702;45,53427;9,07511;42704;45,53356;9,06903
42701;42704;45,53356;9,06903;42703;45,53074;9,054
42705;42706;45,54343;9,06886;42707;45,53349;9,06899
42705;42707;45,53349;9,06899;42708;45,5291;9,06855
42709;42710;45,53922;9,04268;42711;45,54608;9,04415
42712;42713;45,54605;9,04411;42714;45,54892;9,04974
42715;42716;45,54892;9,04978;42717;45,55215;9,05274
44477;44478;45,50346;9,09063;44479;45,50754;9,09472
44477;44479;45,50754;9,09472;44481;45,51157;9,10669
44477;44481;45,51157;9,10669;44484;45,51202;9,11184
44477;44484;45,51202;9,11184;44482;45,52036;9,11189
44485;44486;45,51481;9,09998;44487;45,51158;9,1067
44488;44489;45,51894;9,11833;44491;45,51206;9,11919
44488;44491;45,51206;9,11919;44492;45,5122;9,1232
44488;44492;45,5122;9,1232;44493;45,50991;9,12508
44488;44493;45,50991;9,12508;44498;45,50876;9,13267
44494;44495;45,51218;9,12311;44497;45,51069;9,13763
44502;44503;45,50608;9,10086;44505;45,51253;9,09855
44521;44522;45,51199;9,11176;44524;45,51204;9,11921
44530;44531;45,42011;9,20494;44532;45,43748;9,18777
44544;44545;45,50347;9,12187;44546;45,49958;9,13033
44544;44546;45,49958;9,13033;44547;45,4926;9,14581
44544;44547;45,4926;9,14581;44548;45,49009;9,15153
44544;44548;45,49009;9,15153;44549;45,48789;9,1563
44550;44551;45,48785;9,1563;44552;45,47784;9,16944